-- phpMyAdmin SQL Dump
-- version 5.0.2
-- https://www.phpmyadmin.net/
--
-- Host: 127.0.0.1
-- Generation Time: Jul 31, 2021 at 04:51 PM
-- Server version: 10.4.14-MariaDB
-- PHP Version: 7.4.10

SET SQL_MODE = "NO_AUTO_VALUE_ON_ZERO";
START TRANSACTION;
SET time_zone = "+00:00";


/*!40101 SET @OLD_CHARACTER_SET_CLIENT=@@CHARACTER_SET_CLIENT */;
/*!40101 SET @OLD_CHARACTER_SET_RESULTS=@@CHARACTER_SET_RESULTS */;
/*!40101 SET @OLD_COLLATION_CONNECTION=@@COLLATION_CONNECTION */;
/*!40101 SET NAMES utf8mb4 */;

--
-- Database: `pi2_ci3_frozen_food`
--

-- --------------------------------------------------------

--
-- Table structure for table `ci_sessions`
--

CREATE TABLE `ci_sessions` (
  `id` varchar(128) NOT NULL,
  `ip_address` varchar(45) NOT NULL,
  `timestamp` int(10) UNSIGNED NOT NULL DEFAULT 0,
  `data` blob NOT NULL
) ENGINE=InnoDB DEFAULT CHARSET=utf8mb4;

--
-- Dumping data for table `ci_sessions`
--

INSERT INTO `ci_sessions` (`id`, `ip_address`, `timestamp`, `data`) VALUES
('mkoms68irmurerej7at2r742094kg8lb', '::1', 1595896918, 0x5f5f63695f6c6173745f726567656e65726174657c693a313539353839363931383b5573657249447c733a313a2231223b557365727c733a31333a2241646d696e6973747261746f72223b6c6576656c7c733a353a2261646d696e223b666f746f7c733a31313a2264656661756c742e6a7067223b4354523831307c643a333b),
('n2tfjshuptt1cjg7qdcg3rokp5691adt', '::1', 1595895148, 0x5f5f63695f6c6173745f726567656e65726174657c693a313539353839353134383b),
('88gk24tgttbigcvumvp3rs2rfpt24dho', '::1', 1595897427, 0x5f5f63695f6c6173745f726567656e65726174657c693a313539353839373432373b5573657249447c733a313a2231223b557365727c733a31333a2241646d696e6973747261746f72223b6c6576656c7c733a353a2261646d696e223b666f746f7c733a31313a2264656661756c742e6a7067223b636172745f636f6e74656e74737c613a333a7b733a31303a22636172745f746f74616c223b643a3231303030303b733a31313a22746f74616c5f6974656d73223b643a313b733a33323a223437613030616230316333313866363735326435653034303431326361386361223b613a363a7b733a323a226964223b733a363a22435452383130223b733a333a22717479223b643a313b733a353a227072696365223b643a3231303030303b733a343a226e616d65223b733a31333a2243617274726964676520383130223b733a353a22726f776964223b733a33323a223437613030616230316333313866363735326435653034303431326361386361223b733a383a22737562746f74616c223b643a3231303030303b7d7d),
('u49jdmtuuh55t2fube6frfkk685tcq2e', '::1', 1595897248, 0x5f5f63695f6c6173745f726567656e65726174657c693a313539353839373234383b),
('p2emfq0rrkrdajqle5gthfmsmktfmi60', '::1', 1595897248, 0x5f5f63695f6c6173745f726567656e65726174657c693a313539353839373234383b),
('4bjr85et5fjaf0bjtlvvfvb5j8v9ksjd', '::1', 1595897248, 0x5f5f63695f6c6173745f726567656e65726174657c693a313539353839373234383b),
('hp1r8hk38gstvfc8kpfuibbqevj6u21q', '::1', 1595897754, 0x5f5f63695f6c6173745f726567656e65726174657c693a313539353839373735343b5573657249447c733a313a2231223b557365727c733a31333a2241646d696e6973747261746f72223b6c6576656c7c733a353a2261646d696e223b666f746f7c733a31313a2264656661756c742e6a7067223b),
('pgre5g52uu0a8dqbinfhdb0cohiuqdmd', '::1', 1595899614, 0x5f5f63695f6c6173745f726567656e65726174657c693a313539353839393631343b5573657249447c733a313a2231223b557365727c733a31333a2241646d696e6973747261746f72223b6c6576656c7c733a353a2261646d696e223b666f746f7c733a31313a2264656661756c742e6a7067223b),
('77me31dg4bq7s7lkngc99a15oa842q87', '::1', 1595899977, 0x5f5f63695f6c6173745f726567656e65726174657c693a313539353839393937373b5573657249447c733a313a2231223b557365727c733a31333a2241646d696e6973747261746f72223b6c6576656c7c733a353a2261646d696e223b666f746f7c733a31313a2264656661756c742e6a7067223b),
('tuabp0kumlpqq93pa9jt0ukql8t3lrc3', '::1', 1595904548, 0x5f5f63695f6c6173745f726567656e65726174657c693a313539353930343534383b5573657249447c733a313a2231223b557365727c733a31333a2241646d696e6973747261746f72223b6c6576656c7c733a353a2261646d696e223b666f746f7c733a31313a2264656661756c742e6a7067223b),
('aqpla5sovopsq6r7su6og270kn7oddjc', '::1', 1595904933, 0x5f5f63695f6c6173745f726567656e65726174657c693a313539353930343933333b5573657249447c733a313a2231223b557365727c733a31333a2241646d696e6973747261746f72223b6c6576656c7c733a353a2261646d696e223b666f746f7c733a31313a2264656661756c742e6a7067223b),
('k2qdblhur48ti25jd5la3v7732lacr6b', '::1', 1595905239, 0x5f5f63695f6c6173745f726567656e65726174657c693a313539353930353233393b5573657249447c733a313a2231223b557365727c733a31333a2241646d696e6973747261746f72223b6c6576656c7c733a353a2261646d696e223b666f746f7c733a31313a2264656661756c742e6a7067223b),
('r26lpn5cpk45tnn8qdemspjidbreob8n', '::1', 1595905549, 0x5f5f63695f6c6173745f726567656e65726174657c693a313539353930353534393b5573657249447c733a313a2231223b557365727c733a31333a2241646d696e6973747261746f72223b6c6576656c7c733a353a2261646d696e223b666f746f7c733a31313a2264656661756c742e6a7067223b),
('1105b5fapg0b15sdhc8mmf9kbdeo7kt3', '::1', 1595905898, 0x5f5f63695f6c6173745f726567656e65726174657c693a313539353930353839383b5573657249447c733a313a2231223b557365727c733a31333a2241646d696e6973747261746f72223b6c6576656c7c733a353a2261646d696e223b666f746f7c733a31313a2264656661756c742e6a7067223b616c6572747c733a34303a223c7020636c6173733d226d792d30223e54616e6767616c20746964616b2076616c69643c2f703e0a223b5f5f63695f766172737c613a313a7b733a353a22616c657274223b733a333a226f6c64223b7d),
('vgc5pj0fgrnb0cnah69lc8pi3de4ic6a', '::1', 1595906414, 0x5f5f63695f6c6173745f726567656e65726174657c693a313539353930363431343b5573657249447c733a313a2231223b557365727c733a31333a2241646d696e6973747261746f72223b6c6576656c7c733a353a2261646d696e223b666f746f7c733a31313a2264656661756c742e6a7067223b),
('mo3dudaja2d4lrsuiv36f89g239tf6fk', '::1', 1595906730, 0x5f5f63695f6c6173745f726567656e65726174657c693a313539353930363733303b5573657249447c733a313a2231223b557365727c733a31333a2241646d696e6973747261746f72223b6c6576656c7c733a353a2261646d696e223b666f746f7c733a31313a2264656661756c742e6a7067223b),
('na327fkgj85fbh6s0j8hlh68a372rf3q', '::1', 1595906548, 0x5f5f63695f6c6173745f726567656e65726174657c693a313539353930363534383b),
('8p8rgqj7anoocdr1kk1rd0ulipsglt4m', '::1', 1595906548, 0x5f5f63695f6c6173745f726567656e65726174657c693a313539353930363534383b),
('si99e7sr6i6hb86jjirre32shito6khu', '::1', 1595906549, 0x5f5f63695f6c6173745f726567656e65726174657c693a313539353930363534393b),
('de9tt4n7cvj8pmfqm4jqln8qen6h9da9', '::1', 1595907202, 0x5f5f63695f6c6173745f726567656e65726174657c693a313539353930373230323b5573657249447c733a313a2231223b557365727c733a31333a2241646d696e6973747261746f72223b6c6576656c7c733a353a2261646d696e223b666f746f7c733a31313a2264656661756c742e6a7067223b),
('n0d81ihb9088nod90sup67320pn4ahit', '::1', 1595909298, 0x5f5f63695f6c6173745f726567656e65726174657c693a313539353930393239383b5573657249447c733a313a2231223b557365727c733a31333a2241646d696e6973747261746f72223b6c6576656c7c733a353a2261646d696e223b666f746f7c733a31313a2264656661756c742e6a7067223b),
('i3o0kcgi4mm2pko552lrip63f2pkojca', '::1', 1595910211, 0x5f5f63695f6c6173745f726567656e65726174657c693a313539353931303231313b5573657249447c733a313a2231223b557365727c733a31333a2241646d696e6973747261746f72223b6c6576656c7c733a353a2261646d696e223b666f746f7c733a31313a2264656661756c742e6a7067223b),
('mi4k8nh2io39g7fgbntudm53h66rct83', '::1', 1595910627, 0x5f5f63695f6c6173745f726567656e65726174657c693a313539353931303632373b5573657249447c733a313a2231223b557365727c733a31333a2241646d696e6973747261746f72223b6c6576656c7c733a353a2261646d696e223b666f746f7c733a31313a2264656661756c742e6a7067223b),
('oaor4vstaldto12d6qe81h18n85gqhv7', '::1', 1595911467, 0x5f5f63695f6c6173745f726567656e65726174657c693a313539353931313436373b5573657249447c733a313a2231223b557365727c733a31333a2241646d696e6973747261746f72223b6c6576656c7c733a353a2261646d696e223b666f746f7c733a31313a2264656661756c742e6a7067223b),
('vmf78u2br27d68njo6nsrvvlbfe0p8fs', '::1', 1595913035, 0x5f5f63695f6c6173745f726567656e65726174657c693a313539353931333033353b5573657249447c733a313a2231223b557365727c733a31333a2241646d696e6973747261746f72223b6c6576656c7c733a353a2261646d696e223b666f746f7c733a31313a2264656661756c742e6a7067223b),
('mflkqk95s8fo3vngej36mb9jaejaigfd', '::1', 1595913624, 0x5f5f63695f6c6173745f726567656e65726174657c693a313539353931333632343b5573657249447c733a313a2231223b557365727c733a31333a2241646d696e6973747261746f72223b6c6576656c7c733a353a2261646d696e223b666f746f7c733a31313a2264656661756c742e6a7067223b),
('us24kbmh7f1j8e9k6hfdmbdpkj0agvuv', '::1', 1595913148, 0x5f5f63695f6c6173745f726567656e65726174657c693a313539353931333134383b),
('3hdrnr387r8a8lqod0f09ujj0jo3t0ar', '::1', 1595913149, 0x5f5f63695f6c6173745f726567656e65726174657c693a313539353931333134393b),
('e37fr42dgt9ksh86nu4cdrla85ardnh9', '::1', 1595913149, 0x5f5f63695f6c6173745f726567656e65726174657c693a313539353931333134393b),
('p4nj692k26rehqtuk4km6mucd5638vab', '::1', 1595914236, 0x5f5f63695f6c6173745f726567656e65726174657c693a313539353931343233363b5573657249447c733a313a2231223b557365727c733a31333a2241646d696e6973747261746f72223b6c6576656c7c733a353a2261646d696e223b666f746f7c733a31313a2264656661756c742e6a7067223b),
('lk1sa20pk48pmiupbdj2oo8l9knjit5t', '::1', 1595917556, 0x5f5f63695f6c6173745f726567656e65726174657c693a313539353931373535363b5573657249447c733a313a2231223b557365727c733a31333a2241646d696e6973747261746f72223b6c6576656c7c733a353a2261646d696e223b666f746f7c733a31313a2264656661756c742e6a7067223b),
('qilf9s3s69e1j4t4vn9ec34i5l7ksi3e', '::1', 1595917969, 0x5f5f63695f6c6173745f726567656e65726174657c693a313539353931373936393b5573657249447c733a313a2231223b557365727c733a31333a2241646d696e6973747261746f72223b6c6576656c7c733a353a2261646d696e223b666f746f7c733a31313a2264656661756c742e6a7067223b),
('mc921c4d6foa43arc3k8jbk2omu6rk63', '::1', 1595918307, 0x5f5f63695f6c6173745f726567656e65726174657c693a313539353931383330373b5573657249447c733a313a2231223b557365727c733a31333a2241646d696e6973747261746f72223b6c6576656c7c733a353a2261646d696e223b666f746f7c733a31313a2264656661756c742e6a7067223b),
('36ft4hes0gvkood36l94h0asv56qljdb', '::1', 1595918642, 0x5f5f63695f6c6173745f726567656e65726174657c693a313539353931383634323b5573657249447c733a313a2231223b557365727c733a31333a2241646d696e6973747261746f72223b6c6576656c7c733a353a2261646d696e223b666f746f7c733a31313a2264656661756c742e6a7067223b),
('ps86t5nbreecm0g4lvqmt8ffm3ia4slh', '::1', 1595918949, 0x5f5f63695f6c6173745f726567656e65726174657c693a313539353931383934393b5573657249447c733a313a2231223b557365727c733a31333a2241646d696e6973747261746f72223b6c6576656c7c733a353a2261646d696e223b666f746f7c733a31313a2264656661756c742e6a7067223b),
('khiq9f2iscordlm56boa80fq05mf4d63', '::1', 1595919252, 0x5f5f63695f6c6173745f726567656e65726174657c693a313539353931393235323b5573657249447c733a313a2231223b557365727c733a31333a2241646d696e6973747261746f72223b6c6576656c7c733a353a2261646d696e223b666f746f7c733a31313a2264656661756c742e6a7067223b),
('3oe73arbevcs1utl53i85limld33gdg2', '::1', 1595919447, 0x5f5f63695f6c6173745f726567656e65726174657c693a313539353931393434373b5573657249447c733a313a2231223b557365727c733a31333a2241646d696e6973747261746f72223b6c6576656c7c733a353a2261646d696e223b666f746f7c733a31313a2264656661756c742e6a7067223b),
('09r2choqhm0hjsassgvgk16hbahj73um', '::1', 1595920048, 0x5f5f63695f6c6173745f726567656e65726174657c693a313539353932303034383b5573657249447c733a313a2231223b557365727c733a31333a2241646d696e6973747261746f72223b6c6576656c7c733a353a2261646d696e223b666f746f7c733a31313a2264656661756c742e6a7067223b),
('46ffe4h375kf5r5pde79c1aoh1q1u9rg', '::1', 1595919806, 0x5f5f63695f6c6173745f726567656e65726174657c693a313539353931393830363b5573657249447c733a313a2231223b557365727c733a31333a2241646d696e6973747261746f72223b6c6576656c7c733a353a2261646d696e223b666f746f7c733a31313a2264656661756c742e6a7067223b),
('pe22jd41m7iqkcjdjh2anplvhiop7lkc', '::1', 1595920277, 0x5f5f63695f6c6173745f726567656e65726174657c693a313539353932303237373b5573657249447c733a313a2231223b557365727c733a31333a2241646d696e6973747261746f72223b6c6576656c7c733a353a2261646d696e223b666f746f7c733a31313a2264656661756c742e6a7067223b),
('klfack0lugccsn5i23snvsjh9i9f6gc2', '::1', 1595920264, 0x5f5f63695f6c6173745f726567656e65726174657c693a313539353932303034383b5573657249447c733a313a2231223b557365727c733a31333a2241646d696e6973747261746f72223b6c6576656c7c733a353a2261646d696e223b666f746f7c733a31313a2264656661756c742e6a7067223b),
('to0loocge1o6ekhapf04mtvr8g33qis7', '::1', 1595920442, 0x5f5f63695f6c6173745f726567656e65726174657c693a313539353932303237373b5573657249447c733a313a2231223b557365727c733a31333a2241646d696e6973747261746f72223b6c6576656c7c733a353a2261646d696e223b666f746f7c733a31313a2264656661756c742e6a7067223b),
('7h6l0m6d7ss7kbkss6v013eaguhh8qlj', '::1', 1595927814, 0x5f5f63695f6c6173745f726567656e65726174657c693a313539353932373831343b5573657249447c733a313a2231223b557365727c733a31333a2241646d696e6973747261746f72223b6c6576656c7c733a353a2261646d696e223b666f746f7c733a31313a2264656661756c742e6a7067223b),
('mmc150oe00oba8ccugueu5ht4u09qhlu', '::1', 1595928267, 0x5f5f63695f6c6173745f726567656e65726174657c693a313539353932383236373b5573657249447c733a313a2231223b557365727c733a31333a2241646d696e6973747261746f72223b6c6576656c7c733a353a2261646d696e223b666f746f7c733a31313a2264656661756c742e6a7067223b),
('rn0mrrlk39ljqnvp0e74b5quja379025', '::1', 1595928237, 0x5f5f63695f6c6173745f726567656e65726174657c693a313539353932383233373b5573657249447c733a313a2231223b557365727c733a31333a2241646d696e6973747261746f72223b6c6576656c7c733a353a2261646d696e223b666f746f7c733a31313a2264656661756c742e6a7067223b),
('pgdu1i6avpphopnqnn0q9m2k9bjdp0ji', '::1', 1595928241, 0x5f5f63695f6c6173745f726567656e65726174657c693a313539353932383233373b5573657249447c733a313a2231223b557365727c733a31333a2241646d696e6973747261746f72223b6c6576656c7c733a353a2261646d696e223b666f746f7c733a31313a2264656661756c742e6a7067223b),
('scgrh9vq5e1gt2p2h8eujqqoerne405q', '::1', 1595928267, 0x5f5f63695f6c6173745f726567656e65726174657c693a313539353932383236373b5573657249447c733a313a2231223b557365727c733a31333a2241646d696e6973747261746f72223b6c6576656c7c733a353a2261646d696e223b666f746f7c733a31313a2264656661756c742e6a7067223b),
('3dl58shnuluk615e6re6pflqdtlqa7sc', '::1', 1595987714, 0x5f5f63695f6c6173745f726567656e65726174657c693a313539353938373731343b5573657249447c733a313a2231223b557365727c733a31333a2241646d696e6973747261746f72223b6c6576656c7c733a353a2261646d696e223b666f746f7c733a31313a2264656661756c742e6a7067223b),
('5bgguh6d4fr1sikvj1cossmvi2007tam', '::1', 1595988062, 0x5f5f63695f6c6173745f726567656e65726174657c693a313539353938383036323b5573657249447c733a313a2231223b557365727c733a31333a2241646d696e6973747261746f72223b6c6576656c7c733a353a2261646d696e223b666f746f7c733a31313a2264656661756c742e6a7067223b),
('s4olj9vi99btj5rtmv6e9718849iom8s', '::1', 1595988364, 0x5f5f63695f6c6173745f726567656e65726174657c693a313539353938383336343b5573657249447c733a313a2231223b557365727c733a31333a2241646d696e6973747261746f72223b6c6576656c7c733a353a2261646d696e223b666f746f7c733a31313a2264656661756c742e6a7067223b),
('5rihnrv1c5p6su2fjnj6j5vvnv7v1kar', '::1', 1595988669, 0x5f5f63695f6c6173745f726567656e65726174657c693a313539353938383636393b5573657249447c733a313a2231223b557365727c733a31333a2241646d696e6973747261746f72223b6c6576656c7c733a353a2261646d696e223b666f746f7c733a31313a2264656661756c742e6a7067223b),
('ktsrsgerj1thjafnrabita3ruoh5cr3v', '::1', 1595988993, 0x5f5f63695f6c6173745f726567656e65726174657c693a313539353938383939333b5573657249447c733a313a2231223b557365727c733a31333a2241646d696e6973747261746f72223b6c6576656c7c733a353a2261646d696e223b666f746f7c733a31313a2264656661756c742e6a7067223b),
('9vk30mqrdsemfcpji97f8r84pkbaoopi', '::1', 1595989744, 0x5f5f63695f6c6173745f726567656e65726174657c693a313539353938393734343b5573657249447c733a313a2231223b557365727c733a31333a2241646d696e6973747261746f72223b6c6576656c7c733a353a2261646d696e223b666f746f7c733a31313a2264656661756c742e6a7067223b),
('f10o0ive88gvhsk6k5g9tv6sbltpha1a', '::1', 1595990051, 0x5f5f63695f6c6173745f726567656e65726174657c693a313539353939303035313b5573657249447c733a313a2231223b557365727c733a31333a2241646d696e6973747261746f72223b6c6576656c7c733a353a2261646d696e223b666f746f7c733a31313a2264656661756c742e6a7067223b),
('lmqd4oqpa27u5v0u9unnror0m4n2rh73', '::1', 1595990372, 0x5f5f63695f6c6173745f726567656e65726174657c693a313539353939303337323b5573657249447c733a313a2231223b557365727c733a31333a2241646d696e6973747261746f72223b6c6576656c7c733a353a2261646d696e223b666f746f7c733a31313a2264656661756c742e6a7067223b),
('uj7etdf71ulb4f65rb9bhup7fvbhju3i', '::1', 1595990678, 0x5f5f63695f6c6173745f726567656e65726174657c693a313539353939303637383b5573657249447c733a313a2231223b557365727c733a31333a2241646d696e6973747261746f72223b6c6576656c7c733a353a2261646d696e223b666f746f7c733a31313a2264656661756c742e6a7067223b),
('hlgi2ile6pvb4139frc31m4cfscdm8l9', '::1', 1595991121, 0x5f5f63695f6c6173745f726567656e65726174657c693a313539353939313132313b5573657249447c733a313a2231223b557365727c733a31333a2241646d696e6973747261746f72223b6c6576656c7c733a353a2261646d696e223b666f746f7c733a31313a2264656661756c742e6a7067223b),
('g1i24blv4e0junmvbn0ierot5at3lpa1', '::1', 1595991558, 0x5f5f63695f6c6173745f726567656e65726174657c693a313539353939313535383b5573657249447c733a313a2231223b557365727c733a31333a2241646d696e6973747261746f72223b6c6576656c7c733a353a2261646d696e223b666f746f7c733a31313a2264656661756c742e6a7067223b),
('ki8a59o8ogiqit7oet2tcjbln56pgcio', '::1', 1595992007, 0x5f5f63695f6c6173745f726567656e65726174657c693a313539353939323030373b5573657249447c733a313a2231223b557365727c733a31333a2241646d696e6973747261746f72223b6c6576656c7c733a353a2261646d696e223b666f746f7c733a31313a2264656661756c742e6a7067223b),
('s5nbk3ppb5hack4jp16jf5geok5vjrte', '::1', 1595992308, 0x5f5f63695f6c6173745f726567656e65726174657c693a313539353939323330383b5573657249447c733a313a2231223b557365727c733a31333a2241646d696e6973747261746f72223b6c6576656c7c733a353a2261646d696e223b666f746f7c733a31313a2264656661756c742e6a7067223b),
('lbs6h6u64u9egb7io8h2grtm3cjh4icg', '::1', 1595995092, 0x5f5f63695f6c6173745f726567656e65726174657c693a313539353939353039323b5573657249447c733a313a2231223b557365727c733a31333a2241646d696e6973747261746f72223b6c6576656c7c733a353a2261646d696e223b666f746f7c733a31313a2264656661756c742e6a7067223b),
('98h1nbbedeac8ugb16gr2d4cchodqlc5', '::1', 1595996017, 0x5f5f63695f6c6173745f726567656e65726174657c693a313539353939363031373b5573657249447c733a313a2231223b557365727c733a31333a2241646d696e6973747261746f72223b6c6576656c7c733a353a2261646d696e223b666f746f7c733a31313a2264656661756c742e6a7067223b),
('8pa7jmppflgbirniofobksp5vg8ksaat', '::1', 1595996531, 0x5f5f63695f6c6173745f726567656e65726174657c693a313539353939363533313b5573657249447c733a313a2231223b557365727c733a31333a2241646d696e6973747261746f72223b6c6576656c7c733a353a2261646d696e223b666f746f7c733a31313a2264656661756c742e6a7067223b),
('l5h9kmrb5kdipimg0noact7gmqgom19l', '::1', 1595996852, 0x5f5f63695f6c6173745f726567656e65726174657c693a313539353939363835323b5573657249447c733a313a2231223b557365727c733a31333a2241646d696e6973747261746f72223b6c6576656c7c733a353a2261646d696e223b666f746f7c733a31313a2264656661756c742e6a7067223b),
('ej5ercngpo89vq6hmgnv5j3ccufl5gv4', '::1', 1595997179, 0x5f5f63695f6c6173745f726567656e65726174657c693a313539353939373137393b5573657249447c733a313a2231223b557365727c733a31333a2241646d696e6973747261746f72223b6c6576656c7c733a353a2261646d696e223b666f746f7c733a31313a2264656661756c742e6a7067223b),
('khrbr07svj1e496qs8qhaedes7um5vuc', '::1', 1595997613, 0x5f5f63695f6c6173745f726567656e65726174657c693a313539353939373631333b5573657249447c733a313a2231223b557365727c733a31333a2241646d696e6973747261746f72223b6c6576656c7c733a353a2261646d696e223b666f746f7c733a31313a2264656661756c742e6a7067223b636172745f636f6e74656e74737c613a333a7b733a31303a22636172745f746f74616c223b643a33353030303b733a31313a22746f74616c5f6974656d73223b643a313b733a33323a223930376164636334663333363333613263303430313363366235356532303466223b613a363a7b733a323a226964223b733a363a2241445653504b223b733a333a22717479223b643a313b733a353a227072696365223b643a33353030303b733a343a226e616d65223b733a32343a22416476616e636520537065616b657220322e30204d696e69223b733a353a22726f776964223b733a33323a223930376164636334663333363333613263303430313363366235356532303466223b733a383a22737562746f74616c223b643a33353030303b7d7d),
('l5osm4112onrmrnjgl5u5ef5ahkm7li9', '::1', 1595997962, 0x5f5f63695f6c6173745f726567656e65726174657c693a313539353939373936323b5573657249447c733a313a2231223b557365727c733a31333a2241646d696e6973747261746f72223b6c6576656c7c733a353a2261646d696e223b666f746f7c733a31313a2264656661756c742e6a7067223b),
('sd8o67npoojgg6v0541f1gnruoeposb0', '::1', 1595998357, 0x5f5f63695f6c6173745f726567656e65726174657c693a313539353939383335373b5573657249447c733a313a2231223b557365727c733a31333a2241646d696e6973747261746f72223b6c6576656c7c733a353a2261646d696e223b666f746f7c733a31313a2264656661756c742e6a7067223b636172745f636f6e74656e74737c613a333a7b733a31303a22636172745f746f74616c223b643a33353030303b733a31313a22746f74616c5f6974656d73223b643a313b733a33323a223930376164636334663333363333613263303430313363366235356532303466223b613a363a7b733a323a226964223b733a363a2241445653504b223b733a333a22717479223b643a313b733a353a227072696365223b643a33353030303b733a343a226e616d65223b733a32343a22416476616e636520537065616b657220322e30204d696e69223b733a353a22726f776964223b733a33323a223930376164636334663333363333613263303430313363366235356532303466223b733a383a22737562746f74616c223b643a33353030303b7d7d),
('031e4ctccah5huha2ckfla94tkmu9nqk', '::1', 1595998740, 0x5f5f63695f6c6173745f726567656e65726174657c693a313539353939383734303b5573657249447c733a313a2231223b557365727c733a31333a2241646d696e6973747261746f72223b6c6576656c7c733a353a2261646d696e223b666f746f7c733a31313a2264656661756c742e6a7067223b),
('3m8v9pqvqig3fe02rkf6usnm5vmd7hce', '::1', 1596002943, 0x5f5f63695f6c6173745f726567656e65726174657c693a313539363030323934333b5573657249447c733a313a2231223b557365727c733a31333a2241646d696e6973747261746f72223b6c6576656c7c733a353a2261646d696e223b666f746f7c733a31313a2264656661756c742e6a7067223b),
('2hko31steccj3dnjqsbk71980s31flcl', '::1', 1596003582, 0x5f5f63695f6c6173745f726567656e65726174657c693a313539363030333538323b5573657249447c733a313a2231223b557365727c733a31333a2241646d696e6973747261746f72223b6c6576656c7c733a353a2261646d696e223b666f746f7c733a31313a2264656661756c742e6a7067223b),
('4b1p9cku2bqe5h6hdmjtm8d8stkrtihb', '::1', 1596003958, 0x5f5f63695f6c6173745f726567656e65726174657c693a313539363030333935383b5573657249447c733a313a2231223b557365727c733a31333a2241646d696e6973747261746f72223b6c6576656c7c733a353a2261646d696e223b666f746f7c733a31313a2264656661756c742e6a7067223b),
('oa8st5eqjp2suac2ao3jllo84rhl34kp', '::1', 1596004263, 0x5f5f63695f6c6173745f726567656e65726174657c693a313539363030343236333b5573657249447c733a313a2231223b557365727c733a31333a2241646d696e6973747261746f72223b6c6576656c7c733a353a2261646d696e223b666f746f7c733a31313a2264656661756c742e6a7067223b),
('5ihqdo22uodnq2t2u3diidhevvje5evs', '::1', 1596004569, 0x5f5f63695f6c6173745f726567656e65726174657c693a313539363030343536393b5573657249447c733a313a2231223b557365727c733a31333a2241646d696e6973747261746f72223b6c6576656c7c733a353a2261646d696e223b666f746f7c733a31313a2264656661756c742e6a7067223b),
('upfn45tgmh6qd2urgo4i8hmcb3p5h322', '::1', 1596004873, 0x5f5f63695f6c6173745f726567656e65726174657c693a313539363030343837333b5573657249447c733a313a2231223b557365727c733a31333a2241646d696e6973747261746f72223b6c6576656c7c733a353a2261646d696e223b666f746f7c733a31313a2264656661756c742e6a7067223b),
('q40g2b1s107br3c1qqssf9ab24vbdfuj', '::1', 1596005337, 0x5f5f63695f6c6173745f726567656e65726174657c693a313539363030353333373b5573657249447c733a313a2231223b557365727c733a31333a2241646d696e6973747261746f72223b6c6576656c7c733a353a2261646d696e223b666f746f7c733a31313a2264656661756c742e6a7067223b),
('8q19v7uleof2nsrnmb4dn3uf5fhjpdh0', '::1', 1596005638, 0x5f5f63695f6c6173745f726567656e65726174657c693a313539363030353633383b5573657249447c733a313a2231223b557365727c733a31333a2241646d696e6973747261746f72223b6c6576656c7c733a353a2261646d696e223b666f746f7c733a31313a2264656661756c742e6a7067223b),
('0mnnd47j4rmegkl9as6djkc7tc2lmade', '::1', 1596006391, 0x5f5f63695f6c6173745f726567656e65726174657c693a313539363030363339313b5573657249447c733a313a2231223b557365727c733a31333a2241646d696e6973747261746f72223b6c6576656c7c733a353a2261646d696e223b666f746f7c733a31313a2264656661756c742e6a7067223b),
('ic8rker8i3prdhns79uggmmk7aqd4nnl', '::1', 1596006721, 0x5f5f63695f6c6173745f726567656e65726174657c693a313539363030363732313b5573657249447c733a313a2231223b557365727c733a31333a2241646d696e6973747261746f72223b6c6576656c7c733a353a2261646d696e223b666f746f7c733a31313a2264656661756c742e6a7067223b),
('k0bnvs6b81d0runsljnrocs30nd4tirk', '::1', 1596007093, 0x5f5f63695f6c6173745f726567656e65726174657c693a313539363030373039333b5573657249447c733a313a2231223b557365727c733a31333a2241646d696e6973747261746f72223b6c6576656c7c733a353a2261646d696e223b666f746f7c733a31313a2264656661756c742e6a7067223b),
('0j6lp9dg844ibthrle5t03vfsj8doj3h', '::1', 1596007409, 0x5f5f63695f6c6173745f726567656e65726174657c693a313539363030373430393b5573657249447c733a313a2231223b557365727c733a31333a2241646d696e6973747261746f72223b6c6576656c7c733a353a2261646d696e223b666f746f7c733a31313a2264656661756c742e6a7067223b),
('kib0p2qo663uu3g48n9097n7r4vr52cc', '::1', 1596007714, 0x5f5f63695f6c6173745f726567656e65726174657c693a313539363030373731343b5573657249447c733a313a2231223b557365727c733a31333a2241646d696e6973747261746f72223b6c6576656c7c733a353a2261646d696e223b666f746f7c733a31313a2264656661756c742e6a7067223b),
('lc0vgdcajor4meohqbjk0om61m2hbh4r', '::1', 1596008340, 0x5f5f63695f6c6173745f726567656e65726174657c693a313539363030383334303b5573657249447c733a313a2231223b557365727c733a31333a2241646d696e6973747261746f72223b6c6576656c7c733a353a2261646d696e223b666f746f7c733a31313a2264656661756c742e6a7067223b),
('umgtiocvkigv0nvo32r5ora1fk3pesev', '::1', 1596008664, 0x5f5f63695f6c6173745f726567656e65726174657c693a313539363030383636343b5573657249447c733a313a2231223b557365727c733a31333a2241646d696e6973747261746f72223b6c6576656c7c733a353a2261646d696e223b666f746f7c733a31313a2264656661756c742e6a7067223b),
('7gmmvepvb8qbrgn7pgkbuhn0kcspuq1r', '::1', 1596009077, 0x5f5f63695f6c6173745f726567656e65726174657c693a313539363030393037373b5573657249447c733a313a2231223b557365727c733a31333a2241646d696e6973747261746f72223b6c6576656c7c733a353a2261646d696e223b666f746f7c733a31313a2264656661756c742e6a7067223b),
('mo4ttrh90tn21fecfopmc987115bl9gp', '::1', 1596009389, 0x5f5f63695f6c6173745f726567656e65726174657c693a313539363030393338393b5573657249447c733a313a2231223b557365727c733a31333a2241646d696e6973747261746f72223b6c6576656c7c733a353a2261646d696e223b666f746f7c733a31313a2264656661756c742e6a7067223b),
('75tq57bg6cvjvrbr8cuq8an8gfkect73', '::1', 1596015673, 0x5f5f63695f6c6173745f726567656e65726174657c693a313539363031353637333b5573657249447c733a313a2231223b557365727c733a31333a2241646d696e6973747261746f72223b6c6576656c7c733a353a2261646d696e223b666f746f7c733a31313a2264656661756c742e6a7067223b),
('n279i1ir5fon4n9dg375deh08h0l0qv9', '::1', 1596015989, 0x5f5f63695f6c6173745f726567656e65726174657c693a313539363031353938393b5573657249447c733a313a2231223b557365727c733a31333a2241646d696e6973747261746f72223b6c6576656c7c733a353a2261646d696e223b666f746f7c733a31313a2264656661756c742e6a7067223b),
('f7phnjkpcnlg97hfnv290jt1b291837m', '::1', 1596016488, 0x5f5f63695f6c6173745f726567656e65726174657c693a313539363031363438383b5573657249447c733a313a2231223b557365727c733a31333a2241646d696e6973747261746f72223b6c6576656c7c733a353a2261646d696e223b666f746f7c733a31313a2264656661756c742e6a7067223b),
('3oi503lflkh3t5u2ug7fbq34rlggcirr', '::1', 1596017008, 0x5f5f63695f6c6173745f726567656e65726174657c693a313539363031373030383b5573657249447c733a313a2231223b557365727c733a31333a2241646d696e6973747261746f72223b6c6576656c7c733a353a2261646d696e223b666f746f7c733a31313a2264656661756c742e6a7067223b),
('0oiigoiau8n4gv1m6n0447ac4n9g1ijp', '::1', 1596017492, 0x5f5f63695f6c6173745f726567656e65726174657c693a313539363031373439323b5573657249447c733a313a2231223b557365727c733a31333a2241646d696e6973747261746f72223b6c6576656c7c733a353a2261646d696e223b666f746f7c733a31313a2264656661756c742e6a7067223b),
('le4kaek9bf9ccpjhb480i4h1225bnues', '::1', 1596017832, 0x5f5f63695f6c6173745f726567656e65726174657c693a313539363031373833323b5573657249447c733a313a2231223b557365727c733a31333a2241646d696e6973747261746f72223b6c6576656c7c733a353a2261646d696e223b666f746f7c733a31313a2264656661756c742e6a7067223b),
('fk6l9gkjp2b44stk0c9ja5c8ilm0rj2o', '::1', 1596018149, 0x5f5f63695f6c6173745f726567656e65726174657c693a313539363031383134393b5573657249447c733a313a2231223b557365727c733a31343a2241646d696e6973747261746f7273223b6c6576656c7c733a353a2261646d696e223b666f746f7c733a31383a22666f746f313539363031373834372e706e67223b),
('bmvo519no3i5mqtbe56hgghge2ub70pr', '::1', 1596018068, 0x5f5f63695f6c6173745f726567656e65726174657c693a313539363031383036383b),
('fppe2f6cecbnhg4eigj46267pqaspm6o', '::1', 1596018068, 0x5f5f63695f6c6173745f726567656e65726174657c693a313539363031383036383b),
('8ffm3dgopi3md84gso66vvrfs35i66e8', '::1', 1596018068, 0x5f5f63695f6c6173745f726567656e65726174657c693a313539363031383036383b),
('4giul5qtg6hiahm8mlgd83ftjot4jesf', '::1', 1596018177, 0x5f5f63695f6c6173745f726567656e65726174657c693a313539363031383137373b),
('1tp0j3o3fpp5h8r6roou0k23pulmkr4f', '::1', 1596069635, 0x5f5f63695f6c6173745f726567656e65726174657c693a313539363036393633353b5573657249447c733a313a2231223b557365727c733a31333a2241646d696e6973747261746f72223b6c6576656c7c733a353a2261646d696e223b666f746f7c733a31383a22666f746f313539363031373834372e706e67223b),
('r24adq6roq59o3rqpc68fvghpn04ou74', '::1', 1596069586, 0x5f5f63695f6c6173745f726567656e65726174657c693a313539363036393538363b),
('balpl2ed4ars5r2jkvbelnd9p3smpot1', '::1', 1596069586, 0x5f5f63695f6c6173745f726567656e65726174657c693a313539363036393538363b),
('0pq6n52t0ilt3eljr3pjtenqt3vl1us7', '::1', 1596069586, 0x5f5f63695f6c6173745f726567656e65726174657c693a313539363036393538363b),
('0o7nc6vnou05gueo7hiegpvssvou004h', '::1', 1596070023, 0x5f5f63695f6c6173745f726567656e65726174657c693a313539363037303032333b5573657249447c733a313a2231223b557365727c733a31333a2241646d696e6973747261746f72223b6c6576656c7c733a353a2261646d696e223b666f746f7c733a31383a22666f746f313539363031373834372e706e67223b),
('ibqnsdf8q9foripgf5umf202ejeblfrl', '::1', 1596070627, 0x5f5f63695f6c6173745f726567656e65726174657c693a313539363037303632373b5573657249447c733a313a2231223b557365727c733a31333a2241646d696e6973747261746f72223b6c6576656c7c733a353a2261646d696e223b666f746f7c733a31383a22666f746f313539363031373834372e706e67223b),
('p6q41rqap0vga7nkdvababu1l89lastb', '::1', 1596071126, 0x5f5f63695f6c6173745f726567656e65726174657c693a313539363037313132363b5573657249447c733a313a2232223b557365727c733a373a2250656761776169223b6c6576656c7c733a373a2270656761776169223b666f746f7c733a31383a22666f746f313539353035373739372e4a5047223b),
('6fen769eagko4ggpe4qfb0bt5aqmoauq', '::1', 1596071434, 0x5f5f63695f6c6173745f726567656e65726174657c693a313539363037313433343b5573657249447c733a313a2232223b557365727c733a373a2250656761776169223b6c6576656c7c733a373a2270656761776169223b666f746f7c733a31383a22666f746f313539353035373739372e4a5047223b),
('bv5id8mmgfsgnqa0l697g1hrtmf70bq2', '::1', 1596072457, 0x5f5f63695f6c6173745f726567656e65726174657c693a313539363037323435373b5573657249447c733a313a2232223b557365727c733a373a2250656761776169223b6c6576656c7c733a373a2270656761776169223b666f746f7c733a31383a22666f746f313539363037313436392e706e67223b),
('tnuhq8o7le2n5iklne0cf3gb81f2ofa9', '::1', 1596072574, 0x5f5f63695f6c6173745f726567656e65726174657c693a313539363037323435373b5573657249447c733a313a2232223b557365727c733a373a2250656761776169223b6c6576656c7c733a373a2270656761776169223b666f746f7c733a31383a22666f746f313539363037313436392e706e67223b),
('cjhv10hu80jj1nsqcboif4jr5crrvjoh', '::1', 1627650574, 0x5f5f63695f6c6173745f726567656e65726174657c693a313632373635303537343b5573657249447c733a313a2231223b557365727c733a31333a2241646d696e6973747261746f72223b6c6576656c7c733a353a2261646d696e223b666f746f7c733a31383a22666f746f313539363031373834372e706e67223b),
('rb7je8i6r4vvp9e876viq6ormo1qi9k4', '::1', 1627655791, 0x5f5f63695f6c6173745f726567656e65726174657c693a313632373635353739313b5573657249447c733a313a2231223b557365727c733a31333a2241646d696e6973747261746f72223b6c6576656c7c733a353a2261646d696e223b666f746f7c733a31383a22666f746f313539363031373834372e706e67223b),
('4rofiet4dfruk70f5mhv47hmj9m6ukfk', '::1', 1627655794, 0x5f5f63695f6c6173745f726567656e65726174657c693a313632373635353739313b5573657249447c733a313a2231223b557365727c733a31333a2241646d696e6973747261746f72223b6c6576656c7c733a353a2261646d696e223b666f746f7c733a31383a22666f746f313539363031373834372e706e67223b),
('2cqn775v7g7ih3lmit2co31o5rllmpsh', '::1', 1627666698, 0x5f5f63695f6c6173745f726567656e65726174657c693a313632373636363639383b),
('efdmb68hb88u16eci609skvig7g1evqk', '::1', 1627668055, 0x5f5f63695f6c6173745f726567656e65726174657c693a313632373636383035353b5573657249447c733a313a2231223b557365727c733a31333a2241646d696e6973747261746f72223b6c6576656c7c733a353a2261646d696e223b666f746f7c733a31383a22666f746f313539363031373834372e706e67223b),
('h39onqdjvg12b5b3stthufmsu78e50i5', '::1', 1627668068, 0x5f5f63695f6c6173745f726567656e65726174657c693a313632373636383035353b5573657249447c733a313a2231223b557365727c733a31333a2241646d696e6973747261746f72223b6c6576656c7c733a353a2261646d696e223b666f746f7c733a31383a22666f746f313539363031373834372e706e67223b),
('akesp8dosa4mkj6e7f02v4lj2rsh19m1', '::1', 1627682449, 0x5f5f63695f6c6173745f726567656e65726174657c693a313632373638323434393b5573657249447c733a313a2231223b557365727c733a31333a2241646d696e6973747261746f72223b6c6576656c7c733a353a2261646d696e223b666f746f7c733a31383a22666f746f313539363031373834372e706e67223b),
('ri7bnbu8bq88s2ub45il62o23312t947', '::1', 1627682758, 0x5f5f63695f6c6173745f726567656e65726174657c693a313632373638323735383b5573657249447c733a313a2231223b557365727c733a32343a22416e69746120496e646168205065726d6174612053617269223b6c6576656c7c733a353a2261646d696e223b666f746f7c733a31383a22666f746f313632373638323534342e706e67223b),
('5o4ogsn1h8qnb581k50igi4jc5o3eh4c', '::1', 1627683073, 0x5f5f63695f6c6173745f726567656e65726174657c693a313632373638333037333b5573657249447c733a313a2231223b557365727c733a32343a22416e69746120496e646168205065726d6174612053617269223b6c6576656c7c733a353a2261646d696e223b666f746f7c733a31383a22666f746f313632373638323534342e706e67223b),
('74jqs691a0j49emq1pf5m4ue4hg39hb8', '::1', 1627686182, 0x5f5f63695f6c6173745f726567656e65726174657c693a313632373638363138323b5573657249447c733a313a2231223b557365727c733a32343a22416e69746120496e646168205065726d6174612053617269223b6c6576656c7c733a353a2261646d696e223b666f746f7c733a31383a22666f746f313632373638323534342e706e67223b),
('uq7d78cv276i4kt8q8q1bvqn7u8ppsi7', '::1', 1627683381, 0x5f5f63695f6c6173745f726567656e65726174657c693a313632373638333338313b5573657249447c733a313a2231223b557365727c733a32343a22416e69746120496e646168205065726d6174612053617269223b6c6576656c7c733a353a2261646d696e223b666f746f7c733a31383a22666f746f313632373638323534342e706e67223b),
('qlem90jvflumk34cnp1vks7ctmgom0j4', '::1', 1627684035, 0x5f5f63695f6c6173745f726567656e65726174657c693a313632373638343033353b5573657249447c733a313a2231223b557365727c733a32343a22416e69746120496e646168205065726d6174612053617269223b6c6576656c7c733a353a2261646d696e223b666f746f7c733a31383a22666f746f313632373638323534342e706e67223b),
('1e3nkkf80pe9ajjbjlfgak34s84hllrd', '::1', 1627684356, 0x5f5f63695f6c6173745f726567656e65726174657c693a313632373638343335363b5573657249447c733a313a2231223b557365727c733a32343a22416e69746120496e646168205065726d6174612053617269223b6c6576656c7c733a353a2261646d696e223b666f746f7c733a31383a22666f746f313632373638323534342e706e67223b),
('1fve4g805artng5ov64q9f1cpj8eki1t', '::1', 1627684680, 0x5f5f63695f6c6173745f726567656e65726174657c693a313632373638343638303b5573657249447c733a313a2231223b557365727c733a32343a22416e69746120496e646168205065726d6174612053617269223b6c6576656c7c733a353a2261646d696e223b666f746f7c733a31383a22666f746f313632373638323534342e706e67223b),
('orqqt05rcrsun8eop08mqqjpstiov3vm', '::1', 1627684984, 0x5f5f63695f6c6173745f726567656e65726174657c693a313632373638343938343b5573657249447c733a313a2231223b557365727c733a32343a22416e69746120496e646168205065726d6174612053617269223b6c6576656c7c733a353a2261646d696e223b666f746f7c733a31383a22666f746f313632373638323534342e706e67223b),
('a7hvs6shbuamk1u84h56mnsqnso9bkji', '::1', 1627685408, 0x5f5f63695f6c6173745f726567656e65726174657c693a313632373638353430383b5573657249447c733a313a2231223b557365727c733a32343a22416e69746120496e646168205065726d6174612053617269223b6c6576656c7c733a353a2261646d696e223b666f746f7c733a31383a22666f746f313632373638323534342e706e67223b636172745f636f6e74656e74737c613a31313a7b733a31303a22636172745f746f74616c223b643a373734303030303b733a31313a22746f74616c5f6974656d73223b643a3237303b733a33323a226261313864396566346430333638323862643336363134356663353236653731223b613a363a7b733a323a226964223b733a353a226e68662d31223b733a333a22717479223b643a33303b733a353a227072696365223b643a32383030303b733a343a226e616d65223b733a31323a224e7567676574204875727566223b733a353a22726f776964223b733a33323a226261313864396566346430333638323862643336363134356663353236653731223b733a383a22737562746f74616c223b643a3834303030303b7d733a33323a223062646634333530636538383061336338303333316264626333373630643137223b613a363a7b733a323a226964223b733a353a226e73632d31223b733a333a22717479223b643a33303b733a353a227072696365223b643a32353030303b733a343a226e616d65223b733a31323a224e756767657420537469636b223b733a353a22726f776964223b733a33323a223062646634333530636538383061336338303333316264626333373630643137223b733a383a22737562746f74616c223b643a3735303030303b7d733a33323a223631336166323565346633646530323736646239313034663462633561386438223b613a363a7b733a323a226964223b733a353a226269622d31223b733a333a22717479223b643a33303b733a353a227072696365223b643a33303030303b733a343a226e616d65223b733a393a224261736f20496b616e223b733a353a22726f776964223b733a33323a223631336166323565346633646530323736646239313034663462633561386438223b733a383a22737562746f74616c223b643a3930303030303b7d733a33323a226539613063323938643261393635363138626235366565613331626533663239223b613a363a7b733a323a226964223b733a363a22736173672d31223b733a333a22717479223b643a33303b733a353a227072696365223b643a32303030303b733a343a226e616d65223b733a31303a225361796170204179616d223b733a353a22726f776964223b733a33323a226539613063323938643261393635363138626235366565613331626533663239223b733a383a22737562746f74616c223b643a3630303030303b7d733a33323a223639366531363633373830623138636665376531333335303435623832643730223b613a363a7b733a323a226964223b733a353a22636b672d31223b733a333a22717479223b643a33303b733a353a227072696365223b643a33353030303b733a343a226e616d65223b733a31323a224368696b656e204b61747375223b733a353a22726f776964223b733a33323a223639366531363633373830623138636665376531333335303435623832643730223b733a383a22737562746f74616c223b643a313035303030303b7d733a33323a226561656630326435656631666432383165323839663966323238373663303663223b613a363a7b733a323a226964223b733a353a226370672d31223b733a333a22717479223b643a33303b733a353a227072696365223b643a33353030303b733a343a226e616d65223b733a31343a22436869636b656e20506f6b706f6b223b733a353a22726f776964223b733a33323a226561656630326435656631666432383165323839663966323238373663303663223b733a383a22737562746f74616c223b643a313035303030303b7d733a33323a223633313265353434386530663133346338373636356131613964646134353465223b613a363a7b733a323a226964223b733a353a22636b682d31223b733a333a22717479223b643a33303b733a353a227072696365223b643a33353030303b733a343a226e616d65223b733a31353a22436869636b656e204b617261616765223b733a353a22726f776964223b733a33323a223633313265353434386530663133346338373636356131613964646134353465223b733a383a22737562746f74616c223b643a313035303030303b7d733a33323a223464313266343435383266636139643530386265353730613138336539616666223b613a363a7b733a323a226964223b733a363a22637473672d31223b733a333a22717479223b643a33303b733a353a227072696365223b643a33353030303b733a343a226e616d65223b733a31353a22436869636b656e2054656d70757261223b733a353a22726f776964223b733a33323a223464313266343435383266636139643530386265353730613138336539616666223b733a383a22737562746f74616c223b643a313035303030303b7d733a33323a226535376361323564616465346432663364643237393633366237363030393364223b613a363a7b733a323a226964223b733a363a227373736e2d31223b733a333a22717479223b643a33303b733a353a227072696365223b643a31353030303b733a343a226e616d65223b733a31303a22536f7369732053617069223b733a353a22726f776964223b733a33323a226535376361323564616465346432663364643237393633366237363030393364223b733a383a22737562746f74616c223b643a3435303030303b7d7d),
('bu532is8uu0rjqrpmo3tqq0rka397sne', '::1', 1627685721, 0x5f5f63695f6c6173745f726567656e65726174657c693a313632373638353732313b5573657249447c733a313a2231223b557365727c733a32343a22416e69746120496e646168205065726d6174612053617269223b6c6576656c7c733a353a2261646d696e223b666f746f7c733a31383a22666f746f313632373638323534342e706e67223b636172745f636f6e74656e74737c613a333a7b733a31303a22636172745f746f74616c223b643a3435303030303b733a31313a22746f74616c5f6974656d73223b643a33303b733a33323a226539613063323938643261393635363138626235366565613331626533663239223b613a363a7b733a323a226964223b733a363a22736173672d31223b733a333a22717479223b643a33303b733a353a227072696365223b643a31353030303b733a343a226e616d65223b733a31303a225361796170204179616d223b733a353a22726f776964223b733a33323a226539613063323938643261393635363138626235366565613331626533663239223b733a383a22737562746f74616c223b643a3435303030303b7d7d),
('9mfls61r372afbqoi8o0m62ra3i8bsjq', '::1', 1627686022, 0x5f5f63695f6c6173745f726567656e65726174657c693a313632373638363032323b5573657249447c733a313a2231223b557365727c733a32343a22416e69746120496e646168205065726d6174612053617269223b6c6576656c7c733a353a2261646d696e223b666f746f7c733a31383a22666f746f313632373638323534342e706e67223b737563636573737c733a34343a2253656c616d617420446174612050656e6a75616c616e20426572686173696c2044692054616d6261686b616e223b5f5f63695f766172737c613a313a7b733a373a2273756363657373223b733a333a226e6577223b7d),
('3itfe26r56ruqe15rvj6gpc5r19rchsc', '::1', 1627686550, 0x5f5f63695f6c6173745f726567656e65726174657c693a313632373638363535303b),
('8k39cnpimj8847osjqoou7egqq16v8ql', '::1', 1627686557, 0x5f5f63695f6c6173745f726567656e65726174657c693a313632373638363535373b),
('legaeo1ngbj2gk89lstrna9ktd7j8oc0', '::1', 1627686913, 0x5f5f63695f6c6173745f726567656e65726174657c693a313632373638363931333b),
('nni9vr0tc628lineno7qoj375vq3v3v2', '::1', 1627686557, 0x5f5f63695f6c6173745f726567656e65726174657c693a313632373638363535373b),
('gq6v5nt94opb28j756vqf296reqtkgvh', '::1', 1627687268, 0x5f5f63695f6c6173745f726567656e65726174657c693a313632373638373236383b5573657249447c733a313a2231223b557365727c733a32343a22416e69746120496e646168205065726d6174612053617269223b6c6576656c7c733a353a2261646d696e223b666f746f7c733a31383a22666f746f313632373638323534342e706e67223b),
('737sjn75gbbmb7jbl3bv978am9ughbfq', '::1', 1627687542, 0x5f5f63695f6c6173745f726567656e65726174657c693a313632373638373236383b5573657249447c733a313a2231223b557365727c733a32343a22416e69746120496e646168205065726d6174612053617269223b6c6576656c7c733a353a2261646d696e223b666f746f7c733a31383a22666f746f313632373638323534342e706e67223b),
('h8bu2ke6rijboua78tg4psstfqpduv1n', '::1', 1627700892, 0x5f5f63695f6c6173745f726567656e65726174657c693a313632373730303839323b5573657249447c733a313a2231223b557365727c733a32343a22416e69746120496e646168205065726d6174612053617269223b6c6576656c7c733a353a2261646d696e223b666f746f7c733a31383a22666f746f313632373638323534342e706e67223b),
('65rus9n9h1bl3i0u2oqsqv6gihvi2jh6', '::1', 1627701539, 0x5f5f63695f6c6173745f726567656e65726174657c693a313632373730313533393b),
('fpfd9j6tqls92r0gcn3s9micsr8elrkj', '::1', 1627701893, 0x5f5f63695f6c6173745f726567656e65726174657c693a313632373730313839333b),
('u9uspn2af8ge8h9491bjh73s6iej5n33', '::1', 1627702248, 0x5f5f63695f6c6173745f726567656e65726174657c693a313632373730323234383b5573657249447c733a313a2231223b557365727c733a32343a22416e69746120496e646168205065726d6174612053617269223b6c6576656c7c733a353a2261646d696e223b666f746f7c733a31383a22666f746f313632373638323534342e706e67223b),
('l1jsosc8kb0j8ham0kb9266dt7j40tj3', '::1', 1627702592, 0x5f5f63695f6c6173745f726567656e65726174657c693a313632373730323539323b5573657249447c733a313a2231223b557365727c733a32343a22416e69746120496e646168205065726d6174612053617269223b6c6576656c7c733a353a2261646d696e223b666f746f7c733a31383a22666f746f313632373638323534342e706e67223b),
('c51sdqrhqt5ls1pf1276itu88o9hfg0e', '::1', 1627702917, 0x5f5f63695f6c6173745f726567656e65726174657c693a313632373730323931373b5573657249447c733a313a2231223b557365727c733a32343a22416e69746120496e646168205065726d6174612053617269223b6c6576656c7c733a353a2261646d696e223b666f746f7c733a31383a22666f746f313632373638323534342e706e67223b636172745f636f6e74656e74737c613a333a7b733a31303a22636172745f746f74616c223b643a33353030303b733a31313a22746f74616c5f6974656d73223b643a313b733a33323a223639366531363633373830623138636665376531333335303435623832643730223b613a363a7b733a323a226964223b733a353a22636b672d31223b733a333a22717479223b643a313b733a353a227072696365223b643a33353030303b733a343a226e616d65223b733a31323a224368696b656e204b61747375223b733a353a22726f776964223b733a33323a223639366531363633373830623138636665376531333335303435623832643730223b733a383a22737562746f74616c223b643a33353030303b7d7d),
('oka68k0dq023mj03bkug28rp0frseh62', '::1', 1627704146, 0x5f5f63695f6c6173745f726567656e65726174657c693a313632373730343134363b5573657249447c733a313a2231223b557365727c733a32343a22416e69746120496e646168205065726d6174612053617269223b6c6576656c7c733a353a2261646d696e223b666f746f7c733a31383a22666f746f313632373638323534342e706e67223b636172745f636f6e74656e74737c613a333a7b733a31303a22636172745f746f74616c223b643a33353030303b733a31313a22746f74616c5f6974656d73223b643a313b733a33323a223639366531363633373830623138636665376531333335303435623832643730223b613a363a7b733a323a226964223b733a353a22636b672d31223b733a333a22717479223b643a313b733a353a227072696365223b643a33353030303b733a343a226e616d65223b733a31323a224368696b656e204b61747375223b733a353a22726f776964223b733a33323a223639366531363633373830623138636665376531333335303435623832643730223b733a383a22737562746f74616c223b643a33353030303b7d7d),
('lb5a611u0fe69ec1oqcr25prtho04tb4', '::1', 1627704052, 0x5f5f63695f6c6173745f726567656e65726174657c693a313632373730343035323b5573657249447c733a313a2231223b557365727c733a32343a22416e69746120496e646168205065726d6174612053617269223b6c6576656c7c733a353a2261646d696e223b666f746f7c733a31383a22666f746f313632373638323534342e706e67223b),
('hireqdk970c5sc63keqbvn2d5qf5ag3s', '::1', 1627704394, 0x5f5f63695f6c6173745f726567656e65726174657c693a313632373730343339343b5573657249447c733a313a2231223b557365727c733a32343a22416e69746120496e646168205065726d6174612053617269223b6c6576656c7c733a353a2261646d696e223b666f746f7c733a31383a22666f746f313632373638323534342e706e67223b),
('lvuc80uqqaps27maf2qk8q8bndf7lnja', '::1', 1627704156, 0x5f5f63695f6c6173745f726567656e65726174657c693a313632373730343134363b5573657249447c733a313a2231223b557365727c733a32343a22416e69746120496e646168205065726d6174612053617269223b6c6576656c7c733a353a2261646d696e223b666f746f7c733a31383a22666f746f313632373638323534342e706e67223b636172745f636f6e74656e74737c613a333a7b733a31303a22636172745f746f74616c223b643a33353030303b733a31313a22746f74616c5f6974656d73223b643a313b733a33323a223639366531363633373830623138636665376531333335303435623832643730223b613a363a7b733a323a226964223b733a353a22636b672d31223b733a333a22717479223b643a313b733a353a227072696365223b643a33353030303b733a343a226e616d65223b733a31323a224368696b656e204b61747375223b733a353a22726f776964223b733a33323a223639366531363633373830623138636665376531333335303435623832643730223b733a383a22737562746f74616c223b643a33353030303b7d7d),
('svqo7n3rev3dm62br5hu53lufnln7avl', '::1', 1627704736, 0x5f5f63695f6c6173745f726567656e65726174657c693a313632373730343733363b5573657249447c733a313a2231223b557365727c733a32343a22416e69746120496e646168205065726d6174612053617269223b6c6576656c7c733a353a2261646d696e223b666f746f7c733a31383a22666f746f313632373638323534342e706e67223b),
('n5h4ujknbo74gmur7fgr6tmp2ncpefsc', '::1', 1627704774, 0x5f5f63695f6c6173745f726567656e65726174657c693a313632373730343737343b);

-- --------------------------------------------------------

--
-- Table structure for table `tbl_barang`
--

CREATE TABLE `tbl_barang` (
  `kode_barang` varchar(6) NOT NULL,
  `nama_barang` varchar(255) NOT NULL,
  `brand` varchar(255) NOT NULL,
  `stok` int(11) NOT NULL DEFAULT 0,
  `harga` double NOT NULL,
  `active` enum('Y','N') NOT NULL DEFAULT 'Y'
) ENGINE=InnoDB DEFAULT CHARSET=utf8mb4;

--
-- Dumping data for table `tbl_barang`
--

INSERT INTO `tbl_barang` (`kode_barang`, `nama_barang`, `brand`, `stok`, `harga`, `active`) VALUES
('bib-1', 'Baso Ikan', 'Belfoods', 30, 30000, 'Y'),
('ckg-1', 'Chiken Katsu', 'Goldstar', 29, 35000, 'Y'),
('ckh-1', 'Chicken Karaage', 'Hato', 27, 35000, 'Y'),
('cpg-1', 'Chicken Pokpok', 'Goldstar', 28, 35000, 'Y'),
('ctsg-1', 'Chicken Tempura', 'SunnyGold', 28, 35000, 'Y'),
('nhf-1', 'Nugget Huruf', 'Fiesta', 30, 28000, 'Y'),
('nsc-1', 'Nugget Stick', 'Champ', 30, 25000, 'Y'),
('sasg-1', 'Sayap Ayam', 'So Good', 30, 20000, 'Y'),
('sbsg-1', 'Sosis Bakar', 'SunnyGold', 29, 30000, 'Y'),
('sssn-1', 'Sosis Sapi', 'So Nice', 30, 15000, 'Y');

-- --------------------------------------------------------

--
-- Table structure for table `tbl_detail_pembelian`
--

CREATE TABLE `tbl_detail_pembelian` (
  `id_pembelian` varchar(20) NOT NULL,
  `id_barang` varchar(6) NOT NULL,
  `qty` smallint(6) NOT NULL,
  `harga` double NOT NULL
) ENGINE=InnoDB DEFAULT CHARSET=utf8mb4;

--
-- Dumping data for table `tbl_detail_pembelian`
--

INSERT INTO `tbl_detail_pembelian` (`id_pembelian`, `id_barang`, `qty`, `harga`) VALUES
('ID1595997781', 'ADVSPK', 2, 35000),
('ID1595997781', 'CTR810', 1, 190000),
('ID1596005126', 'CTR811', 1, 245000),
('ID1627685603', 'nhf-1', 30, 20000),
('ID1627685408', 'ctsg-1', 30, 30000),
('ID1627685408', 'sbsg-1', 30, 25000),
('ID1627685665', 'nsc-1', 30, 20000),
('ID1627685689', 'bib-1', 30, 25000),
('ID1627685721', 'sasg-1', 30, 15000),
('ID1627685813', 'ckh-1', 30, 30000),
('ID1627685849', 'sssn-1', 30, 10000),
('ID1627685774', 'ckg-1', 30, 30000),
('ID1627685774', 'cpg-1', 30, 30000);

--
-- Triggers `tbl_detail_pembelian`
--
DELIMITER $$
CREATE TRIGGER `pembelian_barang` AFTER INSERT ON `tbl_detail_pembelian` FOR EACH ROW BEGIN
	UPDATE tbl_barang b SET b.stok = b.stok + new.qty
    WHERE b.kode_barang = new.id_barang;
END
$$
DELIMITER ;
DELIMITER $$
CREATE TRIGGER `update_pembelian` AFTER DELETE ON `tbl_detail_pembelian` FOR EACH ROW BEGIN
	UPDATE tbl_barang b SET b.stok = b.stok - old.qty
    WHERE b.kode_barang = old.id_barang;
END
$$
DELIMITER ;

-- --------------------------------------------------------

--
-- Table structure for table `tbl_detail_penjualan`
--

CREATE TABLE `tbl_detail_penjualan` (
  `id_penjualan` varchar(20) NOT NULL,
  `id_barang` varchar(6) NOT NULL,
  `qty` smallint(6) NOT NULL,
  `harga` double NOT NULL
) ENGINE=InnoDB DEFAULT CHARSET=utf8mb4;

--
-- Dumping data for table `tbl_detail_penjualan`
--

INSERT INTO `tbl_detail_penjualan` (`id_penjualan`, `id_barang`, `qty`, `harga`) VALUES
('ID1595897625', 'CTR810', 1, 210000),
('ID1595990535', 'CTR811', 2, 260000),
('ID1627685890', 'ckg-1', 1, 35000),
('ID1627685966', 'cpg-1', 2, 35000),
('ID1627686004', 'sbsg-1', 1, 30000),
('ID1627686021', 'ckh-1', 3, 35000),
('ID1627686053', 'ctsg-1', 2, 35000);

--
-- Triggers `tbl_detail_penjualan`
--
DELIMITER $$
CREATE TRIGGER `penjualan_barang` AFTER INSERT ON `tbl_detail_penjualan` FOR EACH ROW BEGIN
	UPDATE tbl_barang b SET b.stok = b.stok - new.qty
    WHERE b.kode_barang = new.id_barang;
END
$$
DELIMITER ;
DELIMITER $$
CREATE TRIGGER `update_penjualan` AFTER DELETE ON `tbl_detail_penjualan` FOR EACH ROW BEGIN
	UPDATE tbl_barang b SET b.stok = b.stok + old.qty
    WHERE b.kode_barang = old.id_barang;
END
$$
DELIMITER ;

-- --------------------------------------------------------

--
-- Table structure for table `tbl_pembelian`
--

CREATE TABLE `tbl_pembelian` (
  `id_pembelian` varchar(20) NOT NULL,
  `tgl_pembelian` date NOT NULL,
  `id_supplier` varchar(15) NOT NULL,
  `id_user` int(11) NOT NULL
) ENGINE=InnoDB DEFAULT CHARSET=utf8mb4;

--
-- Dumping data for table `tbl_pembelian`
--

INSERT INTO `tbl_pembelian` (`id_pembelian`, `tgl_pembelian`, `id_supplier`, `id_user`) VALUES
('ID1627685408', '2021-07-31', 'ID1627684915', 1),
('ID1627685603', '2021-07-31', 'ID1627684480', 1),
('ID1627685665', '2021-07-31', 'ID1627684594', 1),
('ID1627685689', '2021-07-31', 'ID1627684641', 1),
('ID1627685721', '2021-07-31', 'ID1627684680', 1),
('ID1627685774', '2021-07-31', 'ID1627684753', 1),
('ID1627685813', '2021-07-31', 'ID1627684854', 1),
('ID1627685849', '2021-07-31', 'ID1627684972', 1);

-- --------------------------------------------------------

--
-- Table structure for table `tbl_penjualan`
--

CREATE TABLE `tbl_penjualan` (
  `id_penjualan` varchar(20) NOT NULL,
  `nama_pembeli` varchar(30) NOT NULL,
  `tgl_penjualan` date NOT NULL,
  `id_user` int(11) NOT NULL
) ENGINE=InnoDB DEFAULT CHARSET=utf8mb4;

--
-- Dumping data for table `tbl_penjualan`
--

INSERT INTO `tbl_penjualan` (`id_penjualan`, `nama_pembeli`, `tgl_penjualan`, `id_user`) VALUES
('ID1627685890', 'Budi', '2021-07-31', 1),
('ID1627685966', 'Wati', '2021-07-31', 1),
('ID1627686004', 'Wina', '2021-07-31', 1),
('ID1627686021', 'Edi', '2021-07-31', 1),
('ID1627686053', 'Bambang', '2021-07-31', 1);

-- --------------------------------------------------------

--
-- Table structure for table `tbl_supplier`
--

CREATE TABLE `tbl_supplier` (
  `id_supplier` varchar(15) NOT NULL,
  `nama_supplier` varchar(255) NOT NULL,
  `alamat` varchar(255) NOT NULL,
  `telp` varchar(20) NOT NULL
) ENGINE=InnoDB DEFAULT CHARSET=utf8mb4;

--
-- Dumping data for table `tbl_supplier`
--

INSERT INTO `tbl_supplier` (`id_supplier`, `nama_supplier`, `alamat`, `telp`) VALUES
('ID1627684480', 'Fiesta', 'Semarang, Jawa Tengah', '081382647383'),
('ID1627684532', 'Akumo', 'Semarang, Jawa Tengah', '081322768633'),
('ID1627684594', 'Champ', 'Bandung, Jawa Barat', '081278369823'),
('ID1627684641', 'Belfoods', 'Yogyakarta, Jawa Tengah', '081338749236'),
('ID1627684680', 'So Good', 'Surabaya, Jawa Timur', '085634281743'),
('ID1627684753', 'Goldstar', 'Denpasar, Bali', '081287654326'),
('ID1627684789', 'Ciki Wiki', 'Cirebon, Jawa Barat', '085628976354'),
('ID1627684854', 'Hato', 'Malang, Jawa Timur', '081247466234'),
('ID1627684915', 'SunyGold', 'Samarinda, Kalimantan Barat', '085638263123'),
('ID1627684972', 'So Nice', 'Medan, Sumatera Barat', '085628379457');

-- --------------------------------------------------------

--
-- Table structure for table `tbl_user`
--

CREATE TABLE `tbl_user` (
  `id_user` int(11) NOT NULL,
  `username` varchar(30) NOT NULL,
  `fullname` varchar(50) NOT NULL,
  `password` varchar(255) NOT NULL,
  `alamat` varchar(255) NOT NULL,
  `hp` varchar(20) NOT NULL,
  `foto` varchar(50) NOT NULL DEFAULT 'default.jpg',
  `level` enum('admin','pegawai') NOT NULL,
  `active` enum('Y','N') NOT NULL DEFAULT 'Y',
  `last_login` datetime DEFAULT NULL
) ENGINE=InnoDB DEFAULT CHARSET=utf8mb4;

--
-- Dumping data for table `tbl_user`
--

INSERT INTO `tbl_user` (`id_user`, `username`, `fullname`, `password`, `alamat`, `hp`, `foto`, `level`, `active`, `last_login`) VALUES
(1, 'admin', 'Anita Indah Permata Sari', '$2y$08$ddJ/XfjkfsXK8WSTtyfluuWaSkPFwBQ04wIz5zS9fZNxnDDwhnhMi', '', '', 'foto1627682544.png', 'admin', 'Y', '2021-07-31 11:12:53'),
(7, 'karyawan1', 'Zefanya Nehemia Nahum', '$2y$10$GYSsto0cI4uaQOpn2B0zsuyUrr88GlRubZpforgzVQ6wt7jZzujXm', 'Taman Kalijaga Permai Jalan Taman Indah 4 Blok D1 Nomor 127', '081382765435', 'foto1627682777.png', 'pegawai', 'Y', NULL),
(8, 'karyawan2', 'Yehezkiel The Immanuel', '$2y$10$m8jPbnMPEKX0UCEoT3tsJud4fMf2SwdyhgAKzSAQopgsK7ausnMP6', 'Taman Kalijaga Permai Jalan Taman Indah 4 Blok D1 Nomor 127', '0812973546283', 'foto1627682874.png', 'pegawai', 'Y', NULL);

--
-- Indexes for dumped tables
--

--
-- Indexes for table `ci_sessions`
--
ALTER TABLE `ci_sessions`
  ADD KEY `ci_sessions_timestamp` (`timestamp`);

--
-- Indexes for table `tbl_barang`
--
ALTER TABLE `tbl_barang`
  ADD PRIMARY KEY (`kode_barang`);

--
-- Indexes for table `tbl_pembelian`
--
ALTER TABLE `tbl_pembelian`
  ADD PRIMARY KEY (`id_pembelian`),
  ADD KEY `id_supplier` (`id_supplier`),
  ADD KEY `id_user` (`id_user`);

--
-- Indexes for table `tbl_penjualan`
--
ALTER TABLE `tbl_penjualan`
  ADD PRIMARY KEY (`id_penjualan`),
  ADD KEY `id_user` (`id_user`);

--
-- Indexes for table `tbl_supplier`
--
ALTER TABLE `tbl_supplier`
  ADD PRIMARY KEY (`id_supplier`);

--
-- Indexes for table `tbl_user`
--
ALTER TABLE `tbl_user`
  ADD PRIMARY KEY (`id_user`),
  ADD UNIQUE KEY `username` (`username`);

--
-- AUTO_INCREMENT for dumped tables
--

--
-- AUTO_INCREMENT for table `tbl_user`
--
ALTER TABLE `tbl_user`
  MODIFY `id_user` int(11) NOT NULL AUTO_INCREMENT, AUTO_INCREMENT=9;

--
-- Constraints for dumped tables
--

--
-- Constraints for table `tbl_pembelian`
--
ALTER TABLE `tbl_pembelian`
  ADD CONSTRAINT `tbl_pembelian_ibfk_1` FOREIGN KEY (`id_user`) REFERENCES `tbl_user` (`id_user`) ON DELETE CASCADE ON UPDATE CASCADE;

--
-- Constraints for table `tbl_penjualan`
--
ALTER TABLE `tbl_penjualan`
  ADD CONSTRAINT `tbl_penjualan_ibfk_1` FOREIGN KEY (`id_user`) REFERENCES `tbl_user` (`id_user`) ON DELETE CASCADE ON UPDATE CASCADE;
COMMIT;

/*!40101 SET CHARACTER_SET_CLIENT=@OLD_CHARACTER_SET_CLIENT */;
/*!40101 SET CHARACTER_SET_RESULTS=@OLD_CHARACTER_SET_RESULTS */;
/*!40101 SET COLLATION_CONNECTION=@OLD_COLLATION_CONNECTION */;
